claim_id,actual_class,python_predicted_class,python_valid_confidence,python_invalid_confidence,python_manual_review_confidence,claim_summary_card_filename,tm_predicted_class,tm_valid_confidence,tm_invalid_confidence,tm_manual_review_confidence,predicted_class_match,top_class_confidence_difference,model_consistency_status,warranty_rule_result,missing_documents,contradictions_detected,duplicate_indicator,final_application_decision,disagreement_explanation
CLM-000014,Valid Claim,valid_claim,0.9366666666666666,0.016666666666666666,0.04666666666666667,data/claim_cards/test/Valid Claim/CLM-000014_v1.jpg,,,,,,,,pass,,claim_date_not_before_purchase,False,,
CLM-000021,Valid Claim,valid_claim,0.93,0.016666666666666666,0.05333333333333334,data/claim_cards/test/Valid Claim/CLM-000021_v1.jpg,,,,,,,,pass,,claim_date_not_before_purchase,False,,
CLM-000022,Valid Claim,valid_claim,0.9566666666666667,0.01,0.03333333333333333,data/claim_cards/test/Valid Claim/CLM-000022_v1.jpg,,,,,,,,pass,,claim_date_not_before_purchase,False,,
CLM-000035,Valid Claim,valid_claim,0.8133333333333334,0.043333333333333335,0.14333333333333334,data/claim_cards/test/Valid Claim/CLM-000035_v1.jpg,,,,,,,,pass,,claim_date_not_before_purchase,False,,
CLM-000049,Valid Claim,valid_claim,0.94,0.023333333333333334,0.03666666666666667,data/claim_cards/test/Valid Claim/CLM-000049_v1.jpg,,,,,,,,pass,,claim_date_not_before_purchase,False,,
CLM-000051,Valid Claim,valid_claim,0.98,0.013333333333333334,0.006666666666666667,data/claim_cards/test/Valid Claim/CLM-000051_v1.jpg,,,,,,,,pass,,claim_date_not_before_purchase,False,,
CLM-000053,Valid Claim,invalid_claim,0.05,0.95,0.0,data/claim_cards/test/Valid Claim/CLM-000053_v1.jpg,,,,,,,,conditional_documents_previous_repairs_1;fault_covered,,claim_date_not_before_purchase,False,,
CLM-000055,Valid Claim,valid_claim,0.9433333333333334,0.006666666666666667,0.05,data/claim_cards/test/Valid Claim/CLM-000055_v1.jpg,,,,,,,,pass,,claim_date_not_before_purchase,False,,
CLM-000059,Valid Claim,valid_claim,0.96,0.006666666666666667,0.03333333333333333,data/claim_cards/test/Valid Claim/CLM-000059_v1.jpg,,,,,,,,pass,,claim_date_not_before_purchase,False,,
CLM-000072,Valid Claim,invalid_claim,0.06333333333333334,0.9366666666666666,0.0,data/claim_cards/test/Valid Claim/CLM-000072_v1.jpg,,,,,,,,fault_covered,,claim_date_not_before_purchase,False,,
CLM-000514,Invalid Claim,manual_review,0.006666666666666667,0.38666666666666666,0.6066666666666667,data/claim_cards/test/Invalid Claim/CLM-000514_v1.jpg,,,,,,,,conditional_documents_previous_repairs_1;serial_number_match,,claim_date_not_before_purchase,False,,
CLM-000521,Invalid Claim,invalid_claim,0.006666666666666667,0.54,0.4533333333333333,data/claim_cards/test/Invalid Claim/CLM-000521_v1.jpg,,,,,,,,conditional_documents_previous_repairs_1;serial_number_match,,claim_date_not_before_purchase,False,,
CLM-000522,Invalid Claim,invalid_claim,0.01,0.99,0.0,data/claim_cards/test/Invalid Claim/CLM-000522_v1.jpg,,,,,,,,conditional_documents_previous_repairs_1;fault_covered,,claim_date_not_before_purchase,False,,
CLM-000535,Invalid Claim,invalid_claim,0.07333333333333333,0.9233333333333333,0.0033333333333333335,data/claim_cards/test/Invalid Claim/CLM-000535_v1.jpg,,,,,,,,warranty_active;conditional_documents_previous_repairs_1,,claim_date_not_before_purchase,False,,
CLM-000549,Invalid Claim,invalid_claim,0.0,1.0,0.0,data/claim_cards/test/Invalid Claim/CLM-000549_v1.jpg,,,,,,,,warranty_active;conditional_documents_previous_repairs_1;fault_covered,,claim_date_not_before_purchase,False,,
CLM-000551,Invalid Claim,invalid_claim,0.0033333333333333335,0.9966666666666667,0.0,data/claim_cards/test/Invalid Claim/CLM-000551_v1.jpg,,,,,,,,conditional_documents_previous_repairs_1;fault_covered;repair_date_REP-CLM-000551-01,,claim_date_not_before_purchase,False,,
CLM-000553,Invalid Claim,invalid_claim,0.0,0.99,0.01,data/claim_cards/test/Invalid Claim/CLM-000553_v1.jpg,,,,,,,,conditional_documents_previous_repairs_1;fault_covered,,claim_date_not_before_purchase,False,,
CLM-000555,Invalid Claim,invalid_claim,0.02,0.6833333333333333,0.2966666666666667,data/claim_cards/test/Invalid Claim/CLM-000555_v1.jpg,,,,,,,,conditional_documents_previous_repairs_1;serial_number_match,,claim_date_not_before_purchase,False,,
CLM-000559,Invalid Claim,invalid_claim,0.0,1.0,0.0,data/claim_cards/test/Invalid Claim/CLM-000559_v1.jpg,,,,,,,,warranty_active;product_age_non_negative;fault_covered;fault_date_before_submission;claim_date_not_before_purchase,,claim_date_not_before_purchase,False,,
CLM-000572,Invalid Claim,invalid_claim,0.056666666666666664,0.9133333333333333,0.03,data/claim_cards/test/Invalid Claim/CLM-000572_v1.jpg,,,,,,,,warranty_active;conditional_documents_previous_repairs_1,,claim_date_not_before_purchase,False,,
CLM-001014,Manual Review,manual_review,0.023333333333333334,0.0,0.9766666666666667,data/claim_cards/test/Manual Review/CLM-001014_v1.jpg,,,,,,,,required_documents_3;declared_missing_documents,product_photo,claim_date_not_before_purchase,False,,
CLM-001021,Manual Review,manual_review,0.03333333333333333,0.02666666666666667,0.94,data/claim_cards/test/Manual Review/CLM-001021_v1.jpg,,,,,,,,conditional_documents_previous_repairs_1,,claim_date_not_before_purchase,False,,
CLM-001022,Manual Review,invalid_claim,0.006666666666666667,0.9166666666666666,0.07666666666666666,data/claim_cards/test/Manual Review/CLM-001022_v1.jpg,,,,,,,,conditional_documents_previous_repairs_1;fault_covered,,claim_date_not_before_purchase,False,,
CLM-001035,Manual Review,manual_review,0.0,0.48333333333333334,0.5166666666666667,data/claim_cards/test/Manual Review/CLM-001035_v1.jpg,,,,,,,,required_documents_5;conditional_documents_previous_repairs_1;declared_missing_documents;fault_covered,fault_evidence,claim_date_not_before_purchase,False,,
CLM-001049,Manual Review,manual_review,0.006666666666666667,0.0,0.9933333333333333,data/claim_cards/test/Manual Review/CLM-001049_v1.jpg,,,,,,,,warranty_active;required_documents_4;declared_missing_documents,serial_evidence,claim_date_not_before_purchase,False,,
CLM-001051,Manual Review,manual_review,0.023333333333333334,0.0033333333333333335,0.9733333333333334,data/claim_cards/test/Manual Review/CLM-001051_v1.jpg,,,,,,,,pass,,claim_date_not_before_purchase,False,,
CLM-001053,Manual Review,valid_claim,0.7733333333333333,0.05333333333333334,0.17333333333333334,data/claim_cards/test/Manual Review/CLM-001053_v1.jpg,,,,,,,,conditional_documents_previous_repairs_1,,claim_date_not_before_purchase,False,,
CLM-001055,Manual Review,manual_review,0.006666666666666667,0.20666666666666667,0.7866666666666666,data/claim_cards/test/Manual Review/CLM-001055_v1.jpg,,,,,,,,warranty_active;conditional_documents_previous_repairs_1;serial_number_match,,claim_date_not_before_purchase,False,,
CLM-001059,Manual Review,manual_review,0.043333333333333335,0.30666666666666664,0.65,data/claim_cards/test/Manual Review/CLM-001059_v1.jpg,,,,,,,,serial_number_match,,claim_date_not_before_purchase,False,,
CLM-001072,Manual Review,manual_review,0.0,0.0,1.0,data/claim_cards/test/Manual Review/CLM-001072_v1.jpg,,,,,,,,required_documents_4;conditional_documents_previous_repairs_1;declared_missing_documents,serial_evidence,claim_date_not_before_purchase,False,,
